name,level,score
Customer Service,Intermediate,71
Marketing,Advanced,83
Customer Service,Expert,11
Data Analysis,Advanced,46
Marketing,Beginner,35
Data Analysis,Expert,18
Marketing,Intermediate,25
Project Management,Advanced,30
Customer Service,Beginner,69
Project Management,Advanced,66
Customer Service,Expert,78
Customer Service,Intermediate,77
Marketing,Advanced,81
Customer Service,Expert,79
Marketing,Professional,67
Project Management,Advanced,20
Python,Beginner,20
Customer Service,Advanced,81
Project Management,Intermediate,40
Data Analysis,Professional,47
Marketing,Intermediate,77
Marketing,Advanced,49
Customer Service,Beginner,29
Marketing,Advanced,14
Python,Expert,59
Customer Service,Beginner,20
Customer Service,Expert,100
Data Analysis,Expert,51
Marketing,Professional,29
Marketing,Professional,68
Python,Expert,79
Marketing,Intermediate,30
Marketing,Advanced,59
Python,Expert,95
Project Management,Advanced,94
Project Management,Expert,42
Python,Advanced,72
Data Analysis,Intermediate,34
Marketing,Intermediate,14
Data Analysis,Advanced,33
Customer Service,Beginner,25
Project Management,Beginner,30
Data Analysis,Beginner,23
Data Analysis,Beginner,62
Python,Beginner,77
Marketing,Beginner,34
Data Analysis,Expert,86
Data Analysis,Expert,41
Data Analysis,Intermediate,80
Customer Service,Beginner,33
Customer Service,Professional,28
Project Management,Professional,76
Marketing,Advanced,84
Data Analysis,Expert,21
Python,Professional,84
Marketing,Advanced,15
Marketing,Professional,58
Data Analysis,Beginner,84
Customer Service,Advanced,71
Data Analysis,Expert,100
Python,Intermediate,53
Customer Service,Advanced,33
Project Management,Intermediate,90
Python,Professional,99
Python,Intermediate,18
Customer Service,Expert,53
Customer Service,Intermediate,39
Customer Service,Professional,38
Python,Expert,25
Data Analysis,Intermediate,54
Customer Service,Intermediate,19
Data Analysis,Beginner,72
Data Analysis,Advanced,99
Customer Service,Professional,88
Marketing,Intermediate,57
Customer Service,Expert,76
Data Analysis,Professional,36
Marketing,Advanced,77
Python,Professional,26
Marketing,Beginner,79
Data Analysis,Professional,49
Project Management,Advanced,37
Project Management,Intermediate,95
Data Analysis,Intermediate,97
Project Management,Advanced,99
Data Analysis,Advanced,89
Data Analysis,Expert,46
Python,Professional,14
Project Management,Intermediate,87
Customer Service,Advanced,97
Data Analysis,Professional,97
Marketing,Advanced,63
Project Management,Intermediate,10
Customer Service,Professional,31
Data Analysis,Advanced,84
Data Analysis,Beginner,57
Marketing,Beginner,37
Customer Service,Intermediate,33
Marketing,Expert,63
Customer Service,Beginner,38
Customer Service,Beginner,100
Data Analysis,Intermediate,91
Marketing,Intermediate,49
Marketing,Professional,19
Customer Service,Beginner,92
Data Analysis,Intermediate,43
Python,Professional,88
Python,Advanced,23
Marketing,Professional,49
Python,Beginner,99
Marketing,Professional,73
Customer Service,Professional,54
Project Management,Expert,46
Python,Professional,85
Data Analysis,Advanced,70
Project Management,Professional,13
Project Management,Expert,23
Project Management,Professional,59
Python,Intermediate,24
Customer Service,Expert,35
Customer Service,Expert,75
Project Management,Advanced,52
Marketing,Beginner,26
Marketing,Expert,28
Project Management,Professional,10
Customer Service,Beginner,36
Python,Intermediate,89
Python,Advanced,40
Customer Service,Professional,66
Customer Service,Professional,25
Project Management,Professional,25
Project Management,Advanced,83
Project Management,Expert,94
Data Analysis,Intermediate,22
Project Management,Advanced,28
Marketing,Intermediate,48
Marketing,Beginner,43
Customer Service,Professional,96
Python,Intermediate,85
Marketing,Intermediate,70
Project Management,Beginner,17
Customer Service,Intermediate,99
Marketing,Intermediate,62
Marketing,Expert,95
Python,Intermediate,98
Project Management,Beginner,70
Python,Advanced,97
Customer Service,Beginner,84
Data Analysis,Advanced,44
Customer Service,Intermediate,52
Python,Expert,26
Data Analysis,Intermediate,95
Python,Advanced,88
Python,Beginner,96
Customer Service,Intermediate,20
Python,Intermediate,26
Customer Service,Expert,89
Python,Beginner,66
Project Management,Beginner,54
Marketing,Advanced,13
Data Analysis,Professional,12
Data Analysis,Expert,73
Data Analysis,Beginner,41
Python,Professional,38
Customer Service,Advanced,41
Customer Service,Advanced,87
Python,Intermediate,74
Customer Service,Expert,56
Python,Intermediate,92
Project Management,Expert,67
Project Management,Professional,52
Marketing,Advanced,50
Marketing,Beginner,20
Data Analysis,Intermediate,96
Customer Service,Intermediate,78
Marketing,Expert,58
Project Management,Expert,12
Project Management,Expert,45
Data Analysis,Professional,76
Marketing,Intermediate,58
Customer Service,Advanced,94
Data Analysis,Beginner,81
Data Analysis,Beginner,15
Project Management,Intermediate,16
Marketing,Beginner,18
Data Analysis,Advanced,11
Customer Service,Beginner,58
Marketing,Intermediate,93
Customer Service,Expert,74
Customer Service,Intermediate,72
Project Management,Professional,63
Project Management,Intermediate,65
Python,Expert,96
Marketing,Intermediate,13
Python,Expert,82
Marketing,Beginner,40
Data Analysis,Expert,24
Project Management,Professional,47
Data Analysis,Expert,84
Python,Intermediate,29
Data Analysis,Expert,75
Data Analysis,Advanced,68
Customer Service,Intermediate,95
Data Analysis,Professional,90
Marketing,Intermediate,22
Marketing,Advanced,54
Customer Service,Professional,95
Data Analysis,Intermediate,23
Python,Intermediate,76
Customer Service,Advanced,90
Python,Professional,52
Data Analysis,Beginner,80
Project Management,Expert,96
Project Management,Intermediate,86
Project Management,Intermediate,42
Python,Professional,83
Data Analysis,Advanced,88
Python,Advanced,54
Customer Service,Expert,88
Marketing,Expert,53
Marketing,Professional,47
Customer Service,Beginner,86
Customer Service,Beginner,82
Marketing,Expert,43
Python,Advanced,62
Python,Intermediate,14
Marketing,Professional,96
Project Management,Expert,79
Python,Beginner,73
Customer Service,Beginner,31
Marketing,Intermediate,91
Marketing,Advanced,51
Python,Expert,55
Project Management,Intermediate,56
Customer Service,Intermediate,55
Data Analysis,Professional,42
Project Management,Intermediate,72
Project Management,Expert,26
Python,Advanced,47
Data Analysis,Advanced,62
Project Management,Beginner,11
Project Management,Beginner,74
Marketing,Beginner,56
Marketing,Intermediate,20
Customer Service,Intermediate,91
Customer Service,Professional,91
Customer Service,Intermediate,29
Marketing,Professional,85
Customer Service,Advanced,85
Data Analysis,Expert,80
Marketing,Beginner,77
Python,Professional,65
Customer Service,Expert,58
Data Analysis,Expert,98
Customer Service,Intermediate,27
Project Management,Beginner,86
Python,Expert,65
Data Analysis,Intermediate,78
Project Management,Expert,95
Customer Service,Intermediate,23
Python,Intermediate,46
Project Management,Beginner,25
Data Analysis,Advanced,20
Data Analysis,Advanced,76
Customer Service,Expert,99
Project Management,Intermediate,51
Python,Expert,12
Marketing,Advanced,56
Project Management,Advanced,18
Marketing,Intermediate,78
Project Management,Intermediate,96
Python,Intermediate,94
Marketing,Expert,76
Project Management,Beginner,32
Data Analysis,Beginner,67
Python,Expert,28
Project Management,Intermediate,85
Marketing,Expert,21
Marketing,Expert,91
Project Management,Professional,55
Project Management,Beginner,23
Data Analysis,Intermediate,21
Customer Service,Expert,93
Customer Service,Beginner,47
Marketing,Advanced,92
Python,Professional,92
Customer Service,Intermediate,28
Customer Service,Expert,64
Customer Service,Beginner,97
Customer Service,Beginner,28
Marketing,Beginner,22
Project Management,Beginner,14
Marketing,Expert,74
Python,Advanced,93
Data Analysis,Advanced,26
Python,Professional,71
Marketing,Expert,81
Python,Beginner,68
Python,Professional,91
Python,Beginner,87
Customer Service,Professional,55
Python,Expert,92
Marketing,Expert,26
Project Management,Advanced,13
Data Analysis,Expert,81
Customer Service,Advanced,12
Python,Advanced,21
Marketing,Expert,64
Customer Service,Beginner,67
Python,Intermediate,45
Customer Service,Expert,86
Project Management,Beginner,20
Customer Service,Intermediate,35
Python,Expert,94
Python,Intermediate,44
Project Management,Expert,15
Customer Service,Beginner,94
Customer Service,Expert,96
Project Management,Intermediate,21
Data Analysis,Intermediate,67
Marketing,Professional,74
Marketing,Professional,38
Python,Intermediate,79
Marketing,Intermediate,12
Data Analysis,Expert,13
Project Management,Professional,33
Marketing,Advanced,41
Project Management,Professional,98
Customer Service,Intermediate,63
Customer Service,Intermediate,82
Python,Intermediate,78
Python,Beginner,23
Python,Professional,75
Customer Service,Intermediate,74
Project Management,Intermediate,64
Data Analysis,Professional,34
Data Analysis,Expert,48
Project Management,Intermediate,50
Marketing,Beginner,58
Customer Service,Expert,82
Project Management,Professional,75
Marketing,Expert,73
Data Analysis,Advanced,63
Python,Professional,12
Customer Service,Professional,78
Customer Service,Professional,68
Project Management,Professional,86
Python,Advanced,60
Marketing,Intermediate,50
Python,Professional,72
Project Management,Advanced,23
Data Analysis,Intermediate,92
Marketing,Advanced,26
Data Analysis,Intermediate,66
Project Management,Professional,30
Data Analysis,Expert,94
Python,Beginner,74
Project Management,Expert,86
Python,Beginner,53
Data Analysis,Intermediate,19
Data Analysis,Expert,57
Project Management,Beginner,56
Python,Beginner,50
Customer Service,Beginner,61
Project Management,Beginner,34
Customer Service,Intermediate,48
Marketing,Beginner,24
Project Management,Professional,51
Customer Service,Professional,43
Marketing,Professional,54
Customer Service,Advanced,62
Python,Beginner,63
Marketing,Expert,79
Project Management,Advanced,12
Project Management,Advanced,86
Marketing,Professional,37
Customer Service,Beginner,13
Data Analysis,Beginner,78
Project Management,Advanced,39
Customer Service,Advanced,25
Project Management,Professional,94
Project Management,Beginner,42
Python,Expert,71
Marketing,Beginner,100
Project Management,Advanced,41
Python,Expert,84
Project Management,Beginner,60
Customer Service,Professional,77
Project Management,Advanced,35
Project Management,Beginner,59
Marketing,Advanced,31
Marketing,Expert,66
Data Analysis,Professional,53
Customer Service,Advanced,31
Python,Beginner,33
Marketing,Professional,59
Customer Service,Advanced,55
Data Analysis,Expert,61
Customer Service,Advanced,63
Customer Service,Professional,21
Marketing,Advanced,74
Python,Professional,61
Project Management,Expert,36
Python,Beginner,88
Project Management,Professional,97
Marketing,Professional,94
Data Analysis,Intermediate,100
Data Analysis,Intermediate,10
Customer Service,Expert,41
Data Analysis,Intermediate,88
Python,Expert,29
Python,Advanced,53
Customer Service,Intermediate,57
Python,Professional,13
Data Analysis,Expert,56
Customer Service,Professional,93
Marketing,Advanced,25
Project Management,Beginner,68
Customer Service,Beginner,24
Python,Expert,83
Project Management,Beginner,87
Data Analysis,Expert,77
Python,Advanced,77
Python,Intermediate,57
Data Analysis,Beginner,69
Marketing,Beginner,98
Python,Intermediate,62
Data Analysis,Beginner,91
Python,Advanced,22
Customer Service,Professional,65
Python,Expert,46
Marketing,Beginner,57
Data Analysis,Beginner,70
Data Analysis,Expert,89
Marketing,Professional,64
Customer Service,Intermediate,94
Python,Expert,45
Python,Expert,93
Project Management,Expert,10
Data Analysis,Advanced,23
Python,Beginner,11
Project Management,Beginner,52
Python,Professional,41
Python,Beginner,18
Python,Beginner,58
Customer Service,Beginner,39
Project Management,Intermediate,82
Python,Professional,20
Marketing,Professional,33
Project Management,Expert,38
Marketing,Intermediate,32
Customer Service,Professional,75
Marketing,Beginner,12
Python,Advanced,71
Project Management,Advanced,38
Data Analysis,Intermediate,16
Python,Beginner,45
Customer Service,Intermediate,36
Data Analysis,Advanced,53
Marketing,Professional,16
Customer Service,Beginner,45
Data Analysis,Advanced,66
Python,Advanced,85
Project Management,Advanced,71
Customer Service,Intermediate,12
Python,Intermediate,25
Marketing,Professional,43
Python,Expert,48
Customer Service,Intermediate,51
Python,Intermediate,33
Customer Service,Professional,47
Customer Service,Intermediate,83
Data Analysis,Beginner,68
Customer Service,Expert,45
Project Management,Expert,48
Data Analysis,Intermediate,85
Project Management,Advanced,54
Python,Advanced,50
Customer Service,Beginner,65
Python,Intermediate,34
Customer Service,Intermediate,10
Python,Intermediate,47
Project Management,Beginner,72
Project Management,Intermediate,49
Marketing,Advanced,68
Customer Service,Beginner,73
Marketing,Professional,77
Project Management,Professional,18
Python,Beginner,86
Python,Intermediate,77
Python,Intermediate,71
Customer Service,Beginner,43
Customer Service,Professional,37
Python,Advanced,69
Customer Service,Intermediate,41
Project Management,Professional,60
Marketing,Expert,40
Marketing,Expert,51
Data Analysis,Intermediate,75
Marketing,Professional,45
Data Analysis,Advanced,34
Project Management,Professional,20
Project Management,Advanced,91
Project Management,Professional,41
Data Analysis,Beginner,24
Python,Intermediate,23
Data Analysis,Intermediate,46
Python,Professional,44
Data Analysis,Professional,74
Customer Service,Expert,67
Marketing,Expert,20
Marketing,Professional,99
Project Management,Intermediate,24
Python,Advanced,80
Customer Service,Professional,73
Python,Beginner,75
Project Management,Beginner,66
Data Analysis,Intermediate,68
Marketing,Professional,30
Data Analysis,Intermediate,60
Customer Service,Advanced,99
Python,Advanced,56
Data Analysis,Professional,61
Customer Service,Professional,46
Data Analysis,Advanced,82
Marketing,Intermediate,97
Project Management,Advanced,82
Python,Professional,36
Project Management,Expert,81
Customer Service,Expert,27
Python,Expert,22
Data Analysis,Advanced,72
Project Management,Intermediate,45
Data Analysis,Intermediate,74
Project Management,Professional,37
Project Management,Advanced,77
Project Management,Intermediate,25
Project Management,Advanced,61
Python,Expert,47
Data Analysis,Intermediate,64
Marketing,Beginner,25
Customer Service,Professional,33
Python,Expert,41
Project Management,Intermediate,98
Data Analysis,Expert,60
Marketing,Advanced,20
Python,Advanced,11
Data Analysis,Professional,81
Marketing,Intermediate,51
Customer Service,Expert,26
Python,Professional,49
Data Analysis,Professional,56
Python,Professional,89
Data Analysis,Advanced,18
Project Management,Beginner,16
Data Analysis,Beginner,94
Data Analysis,Beginner,34
Python,Advanced,12
Python,Expert,11
Customer Service,Expert,20
Customer Service,Advanced,54
Project Management,Intermediate,20
Data Analysis,Intermediate,13
Data Analysis,Intermediate,44
Marketing,Expert,86
Marketing,Beginner,29
Data Analysis,Advanced,97
Python,Advanced,99
Marketing,Beginner,87
Python,Professional,68
Data Analysis,Professional,69
Data Analysis,Beginner,66
Data Analysis,Advanced,10
Data Analysis,Beginner,48
Customer Service,Professional,69
Marketing,Expert,89
Data Analysis,Beginner,93
Project Management,Expert,83
Project Management,Beginner,55
Customer Service,Intermediate,25
Data Analysis,Beginner,61
Project Management,Intermediate,99
Data Analysis,Professional,31
Data Analysis,Professional,86
Data Analysis,Expert,11
Customer Service,Intermediate,61
Marketing,Professional,92
Marketing,Expert,75
Customer Service,Expert,34
Data Analysis,Expert,38
Data Analysis,Expert,54
Python,Beginner,61
Project Management,Intermediate,53
Python,Beginner,44
Project Management,Expert,28
Marketing,Professional,40
Python,Beginner,71
Project Management,Advanced,53
Project Management,Beginner,82
Data Analysis,Advanced,32
Data Analysis,Professional,54
Data Analysis,Professional,84
Data Analysis,Beginner,51
Marketing,Beginner,48
Python,Beginner,28
Project Management,Intermediate,88
Data Analysis,Beginner,11
Python,Beginner,10
Marketing,Beginner,67
Customer Service,Intermediate,85
Marketing,Professional,46
Python,Intermediate,21
Marketing,Expert,10
Python,Professional,76
Marketing,Intermediate,40
Customer Service,Beginner,15
Customer Service,Intermediate,66
Project Management,Beginner,33
Project Management,Advanced,32
Data Analysis,Advanced,86
Python,Expert,58
Project Management,Advanced,15
Data Analysis,Advanced,81
Marketing,Expert,17
Customer Service,Advanced,56
Customer Service,Advanced,47
Marketing,Beginner,44
Marketing,Professional,27
Project Management,Intermediate,18
Project Management,Advanced,76
Customer Service,Advanced,23
Data Analysis,Professional,29
Project Management,Intermediate,75
Project Management,Beginner,97
Project Management,Professional,96
Project Management,Expert,75
Marketing,Advanced,76
Project Management,Advanced,89
Marketing,Advanced,33
Python,Beginner,51
Data Analysis,Intermediate,35
Python,Advanced,37
Marketing,Intermediate,80
Project Management,Intermediate,77
Customer Service,Professional,64
Project Management,Professional,85
Customer Service,Intermediate,88
Data Analysis,Expert,30
Data Analysis,Professional,38
Customer Service,Professional,15
Marketing,Expert,46
Marketing,Intermediate,23
Data Analysis,Professional,50
Marketing,Advanced,94
Customer Service,Beginner,40
Project Management,Professional,61
Customer Service,Intermediate,67
Data Analysis,Professional,41
Python,Beginner,76
Customer Service,Professional,20
Marketing,Advanced,93
Data Analysis,Professional,95
Project Management,Professional,68
Marketing,Beginner,46
Project Management,Professional,93
Marketing,Expert,33
Marketing,Intermediate,24
Customer Service,Advanced,38
Python,Expert,68
Python,Intermediate,64
Project Management,Expert,56
Data Analysis,Professional,44
Project Management,Expert,41
Python,Expert,88
Data Analysis,Beginner,76
Customer Service,Expert,77
Data Analysis,Intermediate,84
Customer Service,Expert,28
Data Analysis,Beginner,95
Marketing,Professional,42
Python,Advanced,57
Data Analysis,Professional,21
Python,Expert,74
Python,Professional,15
Data Analysis,Advanced,74
Project Management,Expert,88
Marketing,Expert,96
Project Management,Expert,16
Python,Advanced,19
Marketing,Advanced,75
Python,Professional,80
Project Management,Intermediate,34
Project Management,Professional,71
Marketing,Expert,29
Customer Service,Intermediate,47
Data Analysis,Beginner,83
Python,Advanced,30
Marketing,Beginner,28
Marketing,Intermediate,60
Project Management,Intermediate,57
Data Analysis,Professional,19
Customer Service,Advanced,98
Customer Service,Expert,36
Python,Expert,78
Python,Advanced,17
Marketing,Beginner,49
Marketing,Advanced,87
Customer Service,Professional,39
Data Analysis,Intermediate,65
Data Analysis,Beginner,58
Project Management,Professional,95
Project Management,Professional,14
Python,Professional,58
Python,Professional,74
Python,Professional,50
Python,Professional,21
Customer Service,Beginner,88
Data Analysis,Intermediate,30
Project Management,Intermediate,36
Marketing,Professional,36
Marketing,Advanced,45
Project Management,Advanced,70
Customer Service,Expert,42
Project Management,Advanced,98
Data Analysis,Intermediate,38
Python,Professional,94
Customer Service,Expert,30
Customer Service,Beginner,14
Project Management,Advanced,69
Customer Service,Advanced,14
Python,Intermediate,52
Python,Beginner,41
Project Management,Expert,58
Data Analysis,Beginner,12
Python,Advanced,39
Customer Service,Expert,70
Data Analysis,Professional,48
Python,Advanced,92
Python,Intermediate,39
Python,Beginner,79
Marketing,Professional,83
Python,Advanced,63
Customer Service,Professional,22
Marketing,Intermediate,90
Data Analysis,Advanced,100
Customer Service,Professional,50
Customer Service,Beginner,16
Data Analysis,Advanced,19
Customer Service,Beginner,32
Project Management,Intermediate,13
Python,Professional,70
Project Management,Advanced,44
Project Management,Advanced,33
Customer Service,Professional,63
Project Management,Expert,11
Customer Service,Expert,90
Data Analysis,Advanced,94
Customer Service,Intermediate,93
Data Analysis,Intermediate,36
Python,Professional,100
Marketing,Intermediate,18
Python,Advanced,58
Customer Service,Beginner,63
Marketing,Expert,19
Project Management,Beginner,53
Marketing,Intermediate,46
Data Analysis,Beginner,28
Project Management,Intermediate,29
Marketing,Beginner,62
Project Management,Professional,21
Marketing,Professional,14
Data Analysis,Advanced,65
Customer Service,Advanced,10
Customer Service,Professional,79
Data Analysis,Beginner,77
Project Management,Intermediate,43
Marketing,Intermediate,66
Data Analysis,Intermediate,25
Marketing,Beginner,64
Data Analysis,Advanced,79
Project Management,Professional,45
Python,Professional,53
Data Analysis,Intermediate,73
Data Analysis,Intermediate,93
Data Analysis,Professional,71
Data Analysis,Intermediate,61
Python,Beginner,34
Customer Service,Expert,98
Marketing,Expert,31
Data Analysis,Expert,26
Data Analysis,Expert,16
Marketing,Beginner,65
Project Management,Expert,97
Project Management,Professional,83
Customer Service,Expert,65
Customer Service,Professional,82
Marketing,Professional,63
Data Analysis,Expert,12
Data Analysis,Professional,35
Customer Service,Expert,72
Data Analysis,Intermediate,52
Python,Expert,18
Data Analysis,Beginner,73
Data Analysis,Expert,52
Customer Service,Beginner,55
Python,Intermediate,97
Data Analysis,Beginner,44
Marketing,Intermediate,31
Marketing,Expert,90
Data Analysis,Intermediate,18
Data Analysis,Expert,55
Project Management,Expert,93
Python,Beginner,72
Customer Service,Professional,40
Marketing,Advanced,48
Marketing,Beginner,70
Customer Service,Expert,61
Project Management,Intermediate,79
Marketing,Intermediate,43
Python,Intermediate,68
Data Analysis,Expert,25
Project Management,Advanced,10
Marketing,Intermediate,42
Marketing,Professional,81
Marketing,Intermediate,38
Customer Service,Intermediate,59
Project Management,Expert,30
Data Analysis,Professional,51
Python,Expert,61
Data Analysis,Advanced,90
Data Analysis,Intermediate,27
Customer Service,Expert,15
Marketing,Beginner,15
Data Analysis,Beginner,82
Project Management,Expert,78
Marketing,Intermediate,33
Project Management,Advanced,79
Marketing,Advanced,91
Project Management,Advanced,57
Project Management,Intermediate,71
Data Analysis,Beginner,89
Project Management,Expert,19
Data Analysis,Expert,91
Python,Intermediate,31
Project Management,Intermediate,33
Python,Beginner,43
Data Analysis,Advanced,69
Project Management,Advanced,40
Data Analysis,Intermediate,62
Marketing,Beginner,30
Python,Expert,14
Marketing,Expert,92
Customer Service,Advanced,100
Data Analysis,Beginner,54
Project Management,Professional,57
Project Management,Professional,36
Python,Advanced,34
Data Analysis,Beginner,22
Data Analysis,Professional,18
Python,Advanced,48
Customer Service,Beginner,42
Customer Service,Professional,81
Customer Service,Beginner,46
Marketing,Professional,13
Marketing,Advanced,38
Marketing,Professional,70
Marketing,Professional,50
Data Analysis,Beginner,42
Customer Service,Beginner,52
Marketing,Intermediate,69
Marketing,Advanced,43
Project Management,Intermediate,44
Project Management,Advanced,80
Python,Advanced,100
Data Analysis,Professional,23
Customer Service,Advanced,52
Customer Service,Professional,45
Project Management,Professional,67
Python,Expert,63
Data Analysis,Beginner,52
Project Management,Advanced,47
Marketing,Professional,80
Marketing,Beginner,96
Customer Service,Advanced,58
Marketing,Intermediate,45
Data Analysis,Beginner,43
Marketing,Beginner,66
Project Management,Advanced,55
Customer Service,Expert,31
Project Management,Beginner,79
Customer Service,Intermediate,96
Customer Service,Expert,33
Customer Service,Professional,36
Marketing,Expert,42
Marketing,Intermediate,73
Marketing,Professional,26
Customer Service,Intermediate,50
Marketing,Professional,84
Python,Advanced,31
Marketing,Professional,24
Python,Expert,37
Project Management,Advanced,93
Python,Expert,85
Marketing,Advanced,12
Data Analysis,Advanced,41
Marketing,Beginner,78
Python,Beginner,83
Marketing,Expert,88
Python,Intermediate,55
Data Analysis,Advanced,12
Python,Professional,82
Project Management,Professional,82
Data Analysis,Expert,36
Customer Service,Advanced,73
Python,Advanced,89
Data Analysis,Advanced,50
Marketing,Expert,34
Project Management,Intermediate,39
Customer Service,Intermediate,100
Marketing,Advanced,79
Marketing,Beginner,52
Python,Advanced,24
Data Analysis,Advanced,91
Marketing,Beginner,10
Customer Service,Intermediate,79
Project Management,Professional,90
Data Analysis,Expert,37
Python,Professional,43
Data Analysis,Beginner,21
Marketing,Professional,48
Data Analysis,Expert,50
Data Analysis,Intermediate,89
Project Management,Intermediate,38
Customer Service,Beginner,72
Python,Expert,100
Customer Service,Beginner,12
Project Management,Expert,59
Marketing,Intermediate,74
Customer Service,Advanced,19
Data Analysis,Professional,45
Marketing,Professional,60
Marketing,Beginner,55
Project Management,Beginner,99
Python,Advanced,66
Data Analysis,Expert,29
Customer Service,Advanced,42
Customer Service,Advanced,27
Data Analysis,Expert,53
Project Management,Beginner,64
Marketing,Beginner,99
Project Management,Professional,89
Customer Service,Advanced,15
Customer Service,Professional,59
Customer Service,Beginner,79
Project Management,Advanced,65
Data Analysis,Beginner,75
Customer Service,Professional,60
Data Analysis,Intermediate,17
Customer Service,Beginner,59
Project Management,Intermediate,62
Data Analysis,Beginner,35
Marketing,Expert,100
Customer Service,Professional,51
Marketing,Beginner,38
Python,Expert,30
Python,Professional,25
Data Analysis,Professional,63
Customer Service,Beginner,21
Project Management,Expert,100
Python,Beginner,48
Marketing,Beginner,69
Python,Intermediate,87
Data Analysis,Advanced,52
Marketing,Expert,85
Python,Advanced,51
Python,Professional,55
Marketing,Beginner,80
Data Analysis,Professional,82
Customer Service,Advanced,40
Project Management,Advanced,50
Data Analysis,Beginner,31
Project Management,Expert,54
Python,Professional,86
Customer Service,Intermediate,42
Project Management,Expert,51
Python,Advanced,65
Data Analysis,Advanced,43
Customer Service,Expert,55
Python,Beginner,56
Marketing,Professional,17
Data Analysis,Professional,32
Marketing,Advanced,53
Data Analysis,Beginner,39
Project Management,Beginner,48
Project Management,Expert,72
Project Management,Advanced,96
Marketing,Beginner,23
Project Management,Advanced,63
Data Analysis,Beginner,38
Customer Service,Intermediate,46
Marketing,Beginner,89
Data Analysis,Expert,28
Marketing,Advanced,64
Data Analysis,Advanced,51
Marketing,Beginner,93
Python,Expert,99
Data Analysis,Expert,39
Project Management,Intermediate,63
Marketing,Beginner,32
Python,Professional,16
Marketing,Expert,45
Customer Service,Intermediate,69
Python,Expert,53
Data Analysis,Intermediate,98
Marketing,Professional,28
Customer Service,Beginner,54
Marketing,Professional,35
Project Management,Professional,24
Marketing,Intermediate,47
Marketing,Expert,50
Marketing,Professional,87
Project Management,Beginner,49
Python,Beginner,13
Python,Advanced,46
Customer Service,Beginner,23
Customer Service,Intermediate,54
Data Analysis,Intermediate,33
Project Management,Expert,64
Marketing,Intermediate,64
Data Analysis,Intermediate,28
Customer Service,Intermediate,37
Data Analysis,Intermediate,79
Marketing,Advanced,22
Python,Beginner,32
Project Management,Professional,42
Customer Service,Intermediate,76
Python,Beginner,78
Marketing,Beginner,33
Marketing,Beginner,74
Python,Beginner,59
Data Analysis,Beginner,99
Data Analysis,Intermediate,29
Python,Intermediate,56
Data Analysis,Advanced,17
Project Management,Intermediate,55
Marketing,Intermediate,29
Marketing,Professional,21
Marketing,Beginner,45
Customer Service,Advanced,77
Customer Service,Professional,44
Project Management,Beginner,62
Customer Service,Professional,41
Customer Service,Expert,12
Customer Service,Professional,67
Customer Service,Professional,87
Customer Service,Advanced,79
Customer Service,Beginner,85
Marketing,Expert,16
Python,Intermediate,80
Marketing,Expert,83
Marketing,Advanced,57
Python,Advanced,78
Project Management,Beginner,31
Customer Service,Professional,97
Project Management,Beginner,61
Project Management,Beginner,58
Marketing,Professional,88
Python,Professional,45
Project Management,Advanced,19
Marketing,Advanced,11
Customer Service,Advanced,65
Marketing,Advanced,10
Customer Service,Beginner,50
Python,Advanced,28
Project Management,Beginner,21
Marketing,Expert,13
Data Analysis,Advanced,31
Marketing,Expert,52
Data Analysis,Beginner,32
Marketing,Beginner,84
Data Analysis,Professional,89
Customer Service,Advanced,67
Project Management,Professional,79
Python,Professional,64
Marketing,Intermediate,65
Customer Service,Professional,24
Python,Expert,40
Project Management,Intermediate,32
Data Analysis,Professional,99
Customer Service,Professional,48
Marketing,Intermediate,39
Customer Service,Advanced,59
Data Analysis,Professional,17
Data Analysis,Intermediate,45
Marketing,Expert,97
Customer Service,Intermediate,21
Marketing,Intermediate,76
Data Analysis,Advanced,47
Marketing,Expert,87
Customer Service,Professional,32
Python,Beginner,57
Project Management,Beginner,36
Python,Beginner,100
Python,Intermediate,86
Python,Expert,81
Data Analysis,Advanced,27
Project Management,Advanced,22
Data Analysis,Expert,14
Marketing,Beginner,97
Customer Service,Beginner,87
Marketing,Professional,44
Marketing,Professional,78
Python,Beginner,65
Marketing,Intermediate,53
Project Management,Beginner,89
Project Management,Professional,44
Marketing,Beginner,19
Customer Service,Beginner,83
Python,Intermediate,88
Customer Service,Beginner,27
Customer Service,Intermediate,40
Customer Service,Beginner,68
Data Analysis,Professional,80
Marketing,Professional,98
Data Analysis,Expert,74
Project Management,Expert,55
Python,Beginner,29
Python,Advanced,86
Marketing,Advanced,99
Data Analysis,Expert,44
Python,Beginner,91
Data Analysis,Advanced,67
Project Management,Professional,66
Python,Advanced,25
Customer Service,Advanced,21
Data Analysis,Professional,26
Project Management,Intermediate,84
Marketing,Intermediate,19
Project Management,Intermediate,35
Python,Intermediate,30
Data Analysis,Beginner,63
Data Analysis,Intermediate,77
Customer Service,Professional,62
Python,Intermediate,72
Marketing,Intermediate,79
Marketing,Intermediate,67
Data Analysis,Intermediate,81
Customer Service,Professional,58
Data Analysis,Expert,10
Marketing,Advanced,16
Project Management,Beginner,90
Data Analysis,Intermediate,63
Python,Expert,69
Python,Expert,34
Marketing,Professional,53
Data Analysis,Advanced,54
Marketing,Expert,77
Python,Advanced,27
Data Analysis,Expert,49
Customer Service,Advanced,96
Project Management,Intermediate,70
Project Management,Advanced,78
Customer Service,Intermediate,53
Data Analysis,Intermediate,31
Marketing,Intermediate,95
Python,Beginner,47
Data Analysis,Beginner,74
Data Analysis,Intermediate,69
Data Analysis,Advanced,22
Customer Service,Expert,25
Customer Service,Advanced,76
Customer Service,Expert,14
Project Management,Advanced,14
Data Analysis,Advanced,37
Marketing,Expert,98
Customer Service,Advanced,51
Marketing,Professional,75
Project Management,Expert,62
Customer Service,Expert,43
Project Management,Advanced,45
Data Analysis,Intermediate,47
Project Management,Beginner,50
Customer Service,Professional,17
Marketing,Intermediate,83
Project Management,Beginner,44
Data Analysis,Intermediate,20
Project Management,Expert,57
Python,Professional,22
Marketing,Beginner,39
Project Management,Beginner,12
Project Management,Intermediate,17
Marketing,Beginner,75
Project Management,Professional,43
Python,Advanced,38
Customer Service,Intermediate,84
Marketing,Expert,49
Marketing,Beginner,31
Customer Service,Intermediate,70
Project Management,Professional,92
Data Analysis,Beginner,45
Marketing,Expert,71
Marketing,Intermediate,84
Marketing,Professional,23
Marketing,Expert,59
Marketing,Intermediate,96
Project Management,Advanced,81
Data Analysis,Beginner,60
Data Analysis,Expert,67
Project Management,Intermediate,30
Project Management,Intermediate,31
Data Analysis,Beginner,97
Data Analysis,Professional,85
Customer Service,Beginner,10
Project Management,Expert,90
Marketing,Expert,65
Marketing,Expert,68
Python,Intermediate,93
Marketing,Advanced,100
Python,Intermediate,75
Customer Service,Expert,52
Project Management,Expert,84
Data Analysis,Expert,66
Project Management,Beginner,84
Marketing,Expert,18
Marketing,Beginner,86
Data Analysis,Expert,82
Project Management,Advanced,67
Project Management,Advanced,74
Python,Beginner,70
Python,Beginner,38
Data Analysis,Expert,88
Customer Service,Advanced,20
Customer Service,Advanced,70
Python,Expert,20
Python,Beginner,27
Marketing,Beginner,13
Python,Intermediate,27
Customer Service,Advanced,26
Python,Intermediate,37
Project Management,Advanced,21
Project Management,Advanced,56
Python,Beginner,25
Data Analysis,Intermediate,50
Data Analysis,Expert,68
Marketing,Intermediate,68
Data Analysis,Intermediate,57
Python,Beginner,46
Project Management,Expert,74
Marketing,Intermediate,94
Project Management,Advanced,29
Customer Service,Expert,44
Python,Advanced,83
Marketing,Advanced,34
Customer Service,Intermediate,44
Marketing,Expert,69
Python,Expert,21
Marketing,Expert,62
Customer Service,Expert,21
Marketing,Expert,30
Customer Service,Professional,98
Project Management,Expert,18
Project Management,Intermediate,27
Data Analysis,Advanced,36
Python,Beginner,90
Marketing,Beginner,60
Marketing,Advanced,27
Project Management,Advanced,42
Project Management,Beginner,47
Marketing,Professional,86
Data Analysis,Intermediate,48
Customer Service,Intermediate,43
Python,Intermediate,91
Project Management,Advanced,87
Customer Service,Expert,23
Customer Service,Advanced,78
Data Analysis,Advanced,29
Data Analysis,Beginner,47
Data Analysis,Expert,69
Python,Advanced,76
Python,Expert,44
Customer Service,Expert,62
Python,Beginner,82
Customer Service,Beginner,35
Python,Expert,42
Marketing,Professional,56
Customer Service,Beginner,56
Data Analysis,Professional,15
Marketing,Professional,15
Project Management,Intermediate,48
Marketing,Advanced,32
Customer Service,Advanced,86
Data Analysis,Advanced,59
Customer Service,Professional,49
Data Analysis,Advanced,98
Python,Expert,10
Project Management,Beginner,38
Customer Service,Professional,74
Data Analysis,Beginner,46
Data Analysis,Expert,78
Marketing,Beginner,76
Project Management,Beginner,85
Customer Service,Advanced,69
Customer Service,Expert,22
Marketing,Beginner,17
Marketing,Advanced,28
Python,Expert,67
Marketing,Advanced,47
Python,Beginner,37
Marketing,Intermediate,55
Python,Intermediate,43
Project Management,Beginner,88
Marketing,Intermediate,82
Data Analysis,Professional,28
Customer Service,Beginner,78
Python,Intermediate,63
Marketing,Advanced,85
Customer Service,Beginner,95
Python,Expert,89
Project Management,Expert,31
Marketing,Professional,41
Marketing,Professional,93
Python,Advanced,74
Python,Expert,49
Customer Service,Intermediate,98
Python,Professional,46
Marketing,Advanced,42
Python,Intermediate,42
Python,Beginner,26
Python,Intermediate,95
Python,Professional,29
Python,Professional,39
Python,Intermediate,67
Customer Service,Intermediate,18
Project Management,Beginner,96
Project Management,Beginner,91
Customer Service,Expert,68
Python,Intermediate,73
Python,Professional,31
Python,Advanced,98
Customer Service,Advanced,35
Project Management,Expert,92
Marketing,Beginner,88
Data Analysis,Beginner,49
Marketing,Beginner,27
Data Analysis,Expert,87
Marketing,Beginner,85
Customer Service,Professional,89
Python,Professional,42
Marketing,Intermediate,72
Data Analysis,Expert,19
Python,Intermediate,60
Customer Service,Intermediate,64
Customer Service,Expert,95
Data Analysis,Beginner,14
Customer Service,Professional,19
Python,Expert,97
Marketing,Intermediate,15
Project Management,Expert,85
Customer Service,Beginner,93
Marketing,Beginner,41
Python,Beginner,54
Python,Intermediate,83
Project Management,Advanced,92
Customer Service,Expert,51
Customer Service,Intermediate,73
Marketing,Professional,57
Python,Professional,32
Data Analysis,Advanced,77
Project Management,Intermediate,69
Python,Intermediate,70
Marketing,Advanced,72
Customer Service,Intermediate,45
Project Management,Advanced,84
Project Management,Professional,12
Project Management,Professional,72
Marketing,Expert,54
Marketing,Intermediate,88
Customer Service,Advanced,30
Customer Service,Professional,90
Customer Service,Advanced,32
Data Analysis,Professional,96
Python,Beginner,85
Python,Intermediate,58
Marketing,Beginner,71
Customer Service,Expert,38
Project Management,Beginner,57
Project Management,Expert,98
Marketing,Professional,12
Data Analysis,Advanced,92
Python,Expert,13
Data Analysis,Professional,66
Data Analysis,Professional,52
Python,Beginner,22
Project Management,Expert,29
Project Management,Beginner,46
Python,Professional,98
Python,Professional,33
Customer Service,Advanced,88
Customer Service,Advanced,64
Data Analysis,Professional,75
Project Management,Beginner,78
Customer Service,Expert,13
Marketing,Beginner,47
Python,Beginner,93
Customer Service,Professional,30
Project Management,Advanced,51
Project Management,Intermediate,46
Project Management,Professional,15
Python,Expert,87
Data Analysis,Professional,25
Marketing,Advanced,97
Data Analysis,Expert,32
Project Management,Professional,80
Python,Expert,56
Data Analysis,Professional,68
Project Management,Intermediate,37
Marketing,Professional,100
Python,Beginner,64
Customer Service,Beginner,37
Data Analysis,Professional,72
Marketing,Professional,90
Project Management,Expert,87
Python,Advanced,16
Python,Expert,77
Marketing,Expert,94
Customer Service,Professional,99
Python,Professional,62
Project Management,Beginner,65
Project Management,Beginner,92
Python,Beginner,55
Customer Service,Expert,81
Marketing,Intermediate,75
Project Management,Beginner,39
Customer Service,Expert,46
Marketing,Intermediate,56
Data Analysis,Intermediate,11
Customer Service,Beginner,62
Customer Service,Expert,32
Data Analysis,Intermediate,41
Data Analysis,Expert,90
Data Analysis,Expert,79
Project Management,Professional,19
Data Analysis,Intermediate,15
Marketing,Beginner,36
Project Management,Expert,39
Python,Intermediate,96
Project Management,Beginner,26
Marketing,Advanced,98
Project Management,Beginner,43
Python,Expert,38
Data Analysis,Advanced,25
Project Management,Advanced,72
Project Management,Intermediate,93
Data Analysis,Professional,14
Marketing,Advanced,19
Python,Professional,28
Customer Service,Expert,69
Project Management,Intermediate,76
Python,Beginner,97
Project Management,Advanced,43
Python,Advanced,15
Project Management,Beginner,45
Customer Service,Expert,40
Marketing,Expert,32
Project Management,Expert,37
Data Analysis,Professional,92
Customer Service,Professional,83
Marketing,Intermediate,89
Customer Service,Professional,56
Marketing,Intermediate,63
Customer Service,Expert,97
Python,Beginner,94
Customer Service,Professional,76
Customer Service,Professional,80
Project Management,Professional,84
Project Management,Beginner,83
Python,Professional,57
Customer Service,Professional,18
Data Analysis,Professional,94
Python,Advanced,79
Project Management,Professional,65
Data Analysis,Advanced,95
Data Analysis,Beginner,98
Data Analysis,Intermediate,26
Data Analysis,Beginner,50
Customer Service,Intermediate,56
Project Management,Intermediate,14
Marketing,Advanced,35
Marketing,Professional,89
Data Analysis,Professional,16
Customer Service,Professional,12
Project Management,Expert,43
Customer Service,Professional,11
Data Analysis,Professional,55
Data Analysis,Intermediate,42
Customer Service,Advanced,92
Data Analysis,Expert,15
Customer Service,Advanced,75
Data Analysis,Advanced,55
Project Management,Expert,71
Project Management,Intermediate,41
Project Management,Professional,26
Python,Advanced,52
Project Management,Professional,73
Customer Service,Expert,29
Python,Expert,19
Project Management,Advanced,75
Data Analysis,Expert,42
Customer Service,Advanced,22
Project Management,Professional,49
Python,Intermediate,35
Marketing,Intermediate,17
Project Management,Expert,60
Marketing,Intermediate,52
Data Analysis,Professional,27
Customer Service,Advanced,18
Marketing,Expert,72
Customer Service,Beginner,49
Project Management,Beginner,51
Marketing,Professional,11
Customer Service,Advanced,74
Project Management,Intermediate,97
Project Management,Advanced,85
Python,Expert,33
Customer Service,Beginner,26
Marketing,Expert,56
Python,Advanced,10
Data Analysis,Professional,60
Project Management,Intermediate,92
Project Management,Beginner,37
Customer Service,Advanced,13
Python,Expert,90
Python,Intermediate,82
Customer Service,Expert,83
Marketing,Professional,20
Data Analysis,Professional,39
Data Analysis,Intermediate,51
Data Analysis,Intermediate,58
Marketing,Advanced,95
Marketing,Expert,78
Customer Service,Beginner,89
Data Analysis,Expert,95
Data Analysis,Intermediate,99
Customer Service,Advanced,66
Customer Service,Advanced,45
Python,Beginner,60
Project Management,Beginner,98
Python,Advanced,44
Customer Service,Intermediate,49
Marketing,Advanced,73
Customer Service,Beginner,51
Project Management,Beginner,81
Project Management,Advanced,34
Marketing,Advanced,37
Python,Professional,59
Project Management,Professional,29
Python,Expert,86
Marketing,Professional,22
Customer Service,Beginner,34
Project Management,Advanced,26
Project Management,Expert,24
Customer Service,Professional,10
Python,Professional,95
Python,Advanced,59
Data Analysis,Advanced,83
Customer Service,Beginner,96
Customer Service,Beginner,81
Python,Professional,37
Data Analysis,Beginner,64
Marketing,Professional,10
Project Management,Expert,33
Data Analysis,Beginner,87
Customer Service,Beginner,60
Marketing,Beginner,61
Python,Professional,79
Python,Professional,35
Data Analysis,Advanced,14
Project Management,Beginner,28
Data Analysis,Intermediate,87
Python,Expert,76
Customer Service,Expert,66
Marketing,Intermediate,27
Marketing,Professional,79
Data Analysis,Professional,24
Project Management,Expert,34
Project Management,Advanced,97
Python,Intermediate,59
Project Management,Expert,76
Data Analysis,Beginner,53
Python,Intermediate,90
Python,Intermediate,100
Customer Service,Beginner,99
Python,Beginner,81
Marketing,Professional,66
Marketing,Intermediate,28
Data Analysis,Expert,31
Marketing,Expert,60
Data Analysis,Professional,22
Python,Professional,19
Data Analysis,Professional,65
Data Analysis,Advanced,13
Project Management,Beginner,93
Customer Service,Intermediate,86
Python,Beginner,16
Marketing,Advanced,18
Python,Intermediate,54
Data Analysis,Advanced,21
Project Management,Expert,21
Project Management,Professional,78
Marketing,Beginner,14
Data Analysis,Advanced,38
Python,Intermediate,38
Data Analysis,Advanced,42
Python,Professional,66
Python,Expert,75
Data Analysis,Advanced,73
Project Management,Beginner,69
Data Analysis,Expert,97
Customer Service,Advanced,43
Customer Service,Beginner,18
Data Analysis,Intermediate,49
Python,Expert,32
Marketing,Beginner,95
Project Management,Intermediate,66
Data Analysis,Professional,77
Python,Advanced,35
Marketing,Professional,18
Project Management,Intermediate,94
Customer Service,Advanced,37
Customer Service,Professional,29
Project Management,Expert,25
Data Analysis,Intermediate,86
Customer Service,Advanced,61
Customer Service,Professional,26
Data Analysis,Expert,45
Project Management,Beginner,71
Python,Expert,52
Customer Service,Professional,42
Data Analysis,Intermediate,94
Data Analysis,Professional,10
Project Management,Intermediate,12
Project Management,Beginner,18
Project Management,Expert,22
Marketing,Expert,61
Marketing,Beginner,50
Python,Professional,30
Python,Professional,93
Project Management,Expert,63
Marketing,Professional,82
Customer Service,Beginner,11
Customer Service,Beginner,74
Project Management,Intermediate,67
Python,Expert,23
Python,Intermediate,36
Project Management,Professional,87
Marketing,Expert,48
Customer Service,Advanced,57
Python,Intermediate,12
Python,Beginner,84
Marketing,Intermediate,35
Python,Expert,24
Customer Service,Beginner,80
Marketing,Expert,57
Customer Service,Intermediate,14
Marketing,Expert,37
Project Management,Advanced,88
Data Analysis,Beginner,18
Customer Service,Advanced,16
Data Analysis,Expert,65
Project Management,Advanced,95
Marketing,Intermediate,92
Project Management,Intermediate,83
Data Analysis,Advanced,16
Customer Service,Expert,10
Python,Beginner,15
Python,Advanced,84
Customer Service,Intermediate,13
Customer Service,Beginner,64
Python,Intermediate,40
Data Analysis,Intermediate,32
Python,Beginner,31
Python,Expert,72
Python,Expert,57
Customer Service,Beginner,30
Customer Service,Beginner,75
Project Management,Expert,13
Data Analysis,Advanced,78
Data Analysis,Expert,92
Data Analysis,Expert,58
Customer Service,Expert,39
Customer Service,Beginner,22
Marketing,Beginner,53
Project Management,Advanced,73
Python,Advanced,14
Data Analysis,Expert,47
Customer Service,Beginner,76
Customer Service,Intermediate,26
Python,Expert,70
Project Management,Beginner,29
Data Analysis,Expert,23
Project Management,Advanced,49
Project Management,Advanced,62
Customer Service,Advanced,91
Marketing,Professional,91
Marketing,Professional,61
Project Management,Intermediate,15
Marketing,Beginner,16
Data Analysis,Professional,40
Data Analysis,Beginner,25
Python,Intermediate,11
Data Analysis,Professional,33
Project Management,Expert,65
Marketing,Beginner,54
Python,Expert,50
Marketing,Advanced,52
Data Analysis,Beginner,26
Data Analysis,Beginner,29
Python,Expert,39
Customer Service,Beginner,57
Data Analysis,Professional,13
Data Analysis,Beginner,17
Data Analysis,Beginner,36
Project Management,Professional,48
Project Management,Advanced,16
Customer Service,Advanced,72
Marketing,Advanced,60
Data Analysis,Intermediate,12
Python,Professional,40
Customer Service,Professional,16
Project Management,Intermediate,81
Marketing,Intermediate,54
Data Analysis,Beginner,100
Customer Service,Beginner,19
Python,Professional,51
Data Analysis,Advanced,85
Python,Professional,69
Python,Expert,73
Python,Advanced,82
Python,Intermediate,16
Python,Professional,78
Project Management,Intermediate,60
Marketing,Professional,52
Customer Service,Advanced,89
Python,Intermediate,66
Project Management,Advanced,59
Project Management,Beginner,77
Marketing,Intermediate,34
Data Analysis,Advanced,48
Project Management,Professional,11
Customer Service,Expert,60
Project Management,Intermediate,54
Customer Service,Expert,48
Customer Service,Intermediate,80
Marketing,Expert,14
Customer Service,Intermediate,60
Customer Service,Expert,18
Data Analysis,Professional,43
Data Analysis,Expert,71
Project Management,Professional,38
Data Analysis,Advanced,45
Data Analysis,Professional,93
Marketing,Intermediate,61
Marketing,Advanced,39
Customer Service,Professional,86
Python,Intermediate,49
Customer Service,Expert,16
Data Analysis,Beginner,59
Data Analysis,Beginner,85
Data Analysis,Expert,83
Project Management,Intermediate,80
Python,Advanced,55
Python,Professional,11
Data Analysis,Advanced,56
Marketing,Beginner,73
Data Analysis,Professional,100
Project Management,Expert,80
Project Management,Intermediate,22
Data Analysis,Intermediate,55
Customer Service,Advanced,50
Python,Advanced,49
Marketing,Advanced,61
Project Management,Professional,56
Python,Advanced,18
Project Management,Professional,35
Data Analysis,Advanced,96
Marketing,Professional,97
Marketing,Intermediate,11
Data Analysis,Professional,83
Marketing,Expert,70
Python,Beginner,95
Data Analysis,Advanced,64
Customer Service,Beginner,66
Customer Service,Professional,94
Project Management,Expert,35
Data Analysis,Professional,58
Python,Advanced,73
Python,Beginner,80
Python,Intermediate,10
Marketing,Professional,62
Project Management,Expert,52
Python,Expert,51
Customer Service,Advanced,48
Customer Service,Professional,61
Python,Professional,60
Marketing,Beginner,42
Python,Professional,77
Data Analysis,Beginner,65
Data Analysis,Intermediate,72
Marketing,Advanced,89
Customer Service,Intermediate,22
Python,Advanced,43
Python,Beginner,14
Project Management,Advanced,36
Data Analysis,Advanced,40
Data Analysis,Expert,59
Marketing,Expert,55
Project Management,Intermediate,47
Data Analysis,Expert,20
Customer Service,Intermediate,92
Project Management,Expert,50
Data Analysis,Beginner,92
Data Analysis,Beginner,13
Customer Service,Professional,34
Marketing,Expert,38
Customer Service,Professional,72
Python,Advanced,26
Python,Expert,64
Customer Service,Beginner,77
Project Management,Expert,77
Marketing,Beginner,21
Data Analysis,Beginner,27
Customer Service,Professional,27
Python,Professional,47
Python,Professional,23
Project Management,Professional,88
Marketing,Professional,25
Project Management,Professional,70
Marketing,Professional,39
Project Management,Professional,100
Customer Service,Advanced,39
Customer Service,Expert,80
Data Analysis,Professional,78
Python,Professional,81
Project Management,Intermediate,91
Project Management,Intermediate,100
Marketing,Beginner,90
Data Analysis,Professional,37
Marketing,Professional,69
Python,Intermediate,69
Python,Intermediate,13
Project Management,Intermediate,73
Data Analysis,Advanced,75
Python,Expert,62
Project Management,Beginner,22
Data Analysis,Expert,76
Marketing,Advanced,86
Marketing,Professional,76
Project Management,Advanced,64
Data Analysis,Beginner,79
Marketing,Beginner,68
Customer Service,Expert,50
Data Analysis,Beginner,71
Customer Service,Beginner,17
Python,Expert,27
Python,Intermediate,81
Python,Professional,27
Marketing,Beginner,81
Marketing,Advanced,62
Customer Service,Expert,63
Project Management,Beginner,80
Data Analysis,Expert,99
Customer Service,Expert,24
Data Analysis,Professional,46
Marketing,Expert,22
Project Management,Professional,28
Python,Intermediate,48
Marketing,Professional,72
Project Management,Intermediate,58
Customer Service,Beginner,44
Project Management,Advanced,25
Python,Professional,10
Customer Service,Expert,84
Marketing,Beginner,94
Customer Service,Advanced,68
Project Management,Professional,34
Project Management,Expert,53
Data Analysis,Expert,96
Data Analysis,Expert,64
Data Analysis,Expert,40
Data Analysis,Intermediate,40
Data Analysis,Expert,34
Customer Service,Intermediate,58
Python,Advanced,13
Data Analysis,Intermediate,83
Project Management,Intermediate,61
Customer Service,Advanced,95
Python,Beginner,36
Data Analysis,Expert,72
Project Management,Expert,40
Project Management,Intermediate,19
Python,Beginner,52
Project Management,Expert,91
Python,Beginner,49
Data Analysis,Advanced,87
Project Management,Intermediate,28
Data Analysis,Beginner,55
Customer Service,Intermediate,87
Customer Service,Expert,54
Marketing,Advanced,90
Marketing,Advanced,69
Marketing,Professional,51
Python,Professional,97
Customer Service,Expert,47
Project Management,Advanced,68
Project Management,Intermediate,59
Python,Beginner,12
Data Analysis,Professional,88
Customer Service,Advanced,49
Python,Advanced,36
Data Analysis,Beginner,30
Marketing,Professional,31
Customer Service,Advanced,83
Marketing,Expert,25
Customer Service,Expert,37
Marketing,Beginner,82
Python,Beginner,17
Project Management,Beginner,94
Marketing,Advanced,46
Project Management,Beginner,100
Marketing,Beginner,11
Marketing,Intermediate,59
Customer Service,Beginner,41
Project Management,Expert,66
Marketing,Professional,32
Python,Advanced,96
Marketing,Advanced,80
Customer Service,Professional,57
Marketing,Expert,12
Customer Service,Professional,100
Project Management,Expert,44
Project Management,Expert,14
Customer Service,Professional,70
Project Management,Expert,73
Python,Expert,36
Python,Expert,91
Marketing,Expert,11
Project Management,Expert,69
Project Management,Beginner,67
Python,Professional,34
Data Analysis,Intermediate,59
Customer Service,Beginner,53
Project Management,Professional,64
Data Analysis,Expert,22
Python,Advanced,91
Project Management,Advanced,31
Marketing,Intermediate,98
Data Analysis,Beginner,10
Python,Beginner,39
Customer Service,Advanced,80
Python,Professional,87
Marketing,Expert,36
Data Analysis,Professional,62
Marketing,Expert,15
Customer Service,Intermediate,65
Python,Expert,35
Data Analysis,Advanced,93
Project Management,Intermediate,74
Python,Beginner,62
Project Management,Professional,54
Project Management,Beginner,63
Data Analysis,Advanced,57
Python,Expert,17
Python,Professional,67
Customer Service,Intermediate,16
Data Analysis,Professional,67
Marketing,Intermediate,86
Python,Intermediate,15
Data Analysis,Intermediate,70
Marketing,Expert,23
Python,Advanced,87
Data Analysis,Beginner,37
Python,Advanced,70
Project Management,Expert,32
Marketing,Expert,41
Project Management,Professional,32
Python,Advanced,32
Customer Service,Professional,14
Marketing,Advanced,55
Customer Service,Expert,91
Customer Service,Advanced,84
Marketing,Advanced,21
Marketing,Expert,84
Data Analysis,Intermediate,37
Python,Expert,31
Customer Service,Beginner,71
Project Management,Beginner,75
Python,Advanced,61
Data Analysis,Advanced,15
Customer Service,Professional,52
Marketing,Intermediate,10
Python,Professional,63
Data Analysis,Intermediate,24
Data Analysis,Intermediate,53
Data Analysis,Expert,70
Python,Beginner,19
Project Management,Intermediate,52
Customer Service,Expert,49
Project Management,Beginner,40
Python,Beginner,35
Customer Service,Intermediate,89
Marketing,Intermediate,85
Marketing,Expert,39
Marketing,Beginner,51
Marketing,Professional,55
Data Analysis,Advanced,80
Project Management,Expert,61
Customer Service,Expert,85
Python,Advanced,95
Data Analysis,Professional,20
Project Management,Expert,20
Python,Beginner,40
Data Analysis,Intermediate,76
Python,Intermediate,19
Project Management,Advanced,11
Data Analysis,Intermediate,82
Python,Professional,48
Marketing,Advanced,17
Marketing,Advanced,58
Customer Service,Intermediate,68
Python,Expert,16
Customer Service,Intermediate,15
Marketing,Intermediate,99
Customer Service,Advanced,36
Customer Service,Intermediate,24
Customer Service,Professional,71
Customer Service,Beginner,70
Python,Beginner,21
Data Analysis,Advanced,58
Customer Service,Expert,57
Marketing,Intermediate,44
Data Analysis,Expert,63
Marketing,Professional,71
Data Analysis,Professional,87
Project Management,Expert,89
Data Analysis,Expert,43
Marketing,Intermediate,37
Data Analysis,Professional,73
Project Management,Professional,69
Python,Expert,15
Customer Service,Expert,19
Python,Professional,54
Data Analysis,Beginner,88
Project Management,Professional,46
Marketing,Expert,80
Customer Service,Professional,23
Project Management,Beginner,41
Customer Service,Beginner,90
Customer Service,Intermediate,90
Python,Beginner,92
Data Analysis,Beginner,19
Python,Beginner,89
Marketing,Intermediate,71
Customer Service,Intermediate,38
Python,Beginner,98
Project Management,Beginner,24
Python,Expert,54
Data Analysis,Beginner,90
Project Management,Beginner,76
Customer Service,Advanced,34
Python,Advanced,81
Customer Service,Advanced,53
Project Management,Advanced,46
Data Analysis,Professional,11
Project Management,Beginner,10
Marketing,Advanced,70
Project Management,Beginner,15
Customer Service,Advanced,60
Project Management,Professional,99
Project Management,Beginner,35
Python,Advanced,64
Data Analysis,Advanced,28
Project Management,Intermediate,89
Customer Service,Advanced,24
Project Management,Professional,31
Data Analysis,Advanced,60
Customer Service,Expert,94
Python,Advanced,20
Data Analysis,Intermediate,71
Marketing,Advanced,36
Data Analysis,Professional,30
Customer Service,Advanced,28
Data Analysis,Advanced,49
Project Management,Professional,27
Data Analysis,Professional,59
Project Management,Intermediate,23
Marketing,Professional,34
Data Analysis,Expert,33
Python,Advanced,75
Customer Service,Intermediate,30
Customer Service,Advanced,11
Customer Service,Professional,35
Customer Service,Intermediate,11
Data Analysis,Beginner,16
Marketing,Expert,67
Python,Expert,43
Python,Intermediate,20
Data Analysis,Expert,17
Project Management,Intermediate,11
Marketing,Intermediate,87
Project Management,Professional,62
Python,Intermediate,84
Marketing,Beginner,91
Python,Intermediate,41
Python,Advanced,90
Project Management,Expert,27
Project Management,Beginner,95
Python,Advanced,45
Marketing,Intermediate,81
Project Management,Advanced,27
Customer Service,Expert,17
Project Management,Advanced,24
Customer Service,Professional,53
Python,Intermediate,99
Customer Service,Advanced,17
Customer Service,Beginner,91
Marketing,Intermediate,21
Project Management,Professional,81
Customer Service,Expert,59
Data Analysis,Advanced,35
Data Analysis,Intermediate,90
Python,Beginner,30
Marketing,Intermediate,100
Project Management,Advanced,58
Python,Beginner,67
Marketing,Advanced,96
Marketing,Intermediate,36
Project Management,Professional,16
Python,Advanced,68
Project Management,Professional,40
Marketing,Beginner,83
Marketing,Advanced,65
Marketing,Advanced,24
Data Analysis,Professional,98
Data Analysis,Beginner,86
Python,Professional,18
Data Analysis,Advanced,30
Project Management,Professional,17
Marketing,Advanced,88
Python,Beginner,24
Marketing,Expert,44
Project Management,Professional,23
Data Analysis,Advanced,39
Project Management,Advanced,48
Customer Service,Expert,87
Marketing,Beginner,92
Marketing,Expert,35
Python,Intermediate,61
Customer Service,Beginner,48
Project Management,Advanced,90
Project Management,Beginner,19
Marketing,Beginner,59
Python,Intermediate,32
Customer Service,Professional,84
Customer Service,Intermediate,31
Marketing,Intermediate,16
Project Management,Professional,58
Project Management,Professional,50
Project Management,Expert,49
Python,Professional,90
Marketing,Advanced,23
Customer Service,Advanced,29
Data Analysis,Expert,93
Project Management,Professional,22
Python,Professional,24
Python,Professional,73
Python,Advanced,94
Python,Professional,56
Project Management,Advanced,17
Python,Intermediate,22
Customer Service,Intermediate,97
Project Management,Beginner,73
Customer Service,Intermediate,62
Customer Service,Professional,13
Data Analysis,Intermediate,56
Customer Service,Professional,85
Python,Intermediate,51
Data Analysis,Professional,57
Project Management,Professional,77
Marketing,Advanced,82
Project Management,Intermediate,78
Data Analysis,Advanced,71
Python,Advanced,29
Python,Professional,96
Data Analysis,Expert,62
Data Analysis,Expert,85
Marketing,Advanced,67
Python,Intermediate,17
Python,Intermediate,50
Python,Advanced,41
Project Management,Advanced,100
Project Management,Expert,82
Data Analysis,Professional,70
Project Management,Professional,39
Project Management,Beginner,27
Data Analysis,Professional,79
Data Analysis,Beginner,33
Data Analysis,Beginner,56
Customer Service,Professional,92
Customer Service,Expert,73
Python,Expert,80
Marketing,Advanced,29
Marketing,Expert,24
Customer Service,Beginner,98
Data Analysis,Expert,35
Marketing,Advanced,30
Project Management,Expert,17
Marketing,Expert,27
Data Analysis,Beginner,96
Customer Service,Intermediate,32
Customer Service,Advanced,82
Python,Beginner,42
Project Management,Intermediate,26
Data Analysis,Professional,91
Marketing,Expert,47
Customer Service,Intermediate,17
Project Management,Expert,99
Marketing,Advanced,44
Marketing,Expert,99
Marketing,Expert,82
Data Analysis,Advanced,24
Marketing,Intermediate,26
Data Analysis,Beginner,40
Python,Advanced,33
Customer Service,Intermediate,75
Project Management,Beginner,13
Python,Advanced,42
Python,Advanced,67
Data Analysis,Beginner,20
Python,Professional,17
Python,Beginner,69
Project Management,Expert,68
Python,Expert,66
Data Analysis,Advanced,61
Customer Service,Intermediate,34
Marketing,Professional,65
Marketing,Advanced,66
Project Management,Expert,70
Customer Service,Intermediate,81
Customer Service,Advanced,44
Python,Expert,60
Marketing,Professional,95
Project Management,Professional,91
Project Management,Professional,53
Python,Expert,98
Customer Service,Expert,92
Marketing,Advanced,71
Data Analysis,Intermediate,14
Python,Intermediate,65
Project Management,Advanced,60
Marketing,Beginner,63
Marketing,Advanced,40
Data Analysis,Intermediate,39
Python,Intermediate,28
Project Management,Expert,47
Marketing,Beginner,72
Marketing,Expert,93
Project Management,Professional,74
Data Analysis,Professional,64
Data Analysis,Expert,27
Customer Service,Advanced,46
Customer Service,Expert,71
Project Management,Intermediate,68
Marketing,Intermediate,41
Marketing,Advanced,78
Customer Service,Advanced,93
